variance,skewness,curtosis,entropy
0.32924,-4.4552,4.5718,-0.9888
4.3684,9.6718,-3.9606,-3.1625
0.11592,3.2219,-3.4302,-2.8457
-3.3924,3.3564,-0.72004,-3.5233
